{
  "hash": "ebe05a3e",
  "configHash": "61361fdc",
  "lockfileHash": "b0ff7e23",
  "browserHash": "8e286e2c",
  "optimized": {
    "@angular/common": {
      "src": "../../../../../node_modules/@angular/common/fesm2022/common.mjs",
      "file": "@angular_common.js",
      "fileHash": "3af97600",
      "needsInterop": false
    },
    "@angular/common/http": {
      "src": "../../../../../node_modules/@angular/common/fesm2022/http.mjs",
      "file": "@angular_common_http.js",
      "fileHash": "3ce84d89",
      "needsInterop": false
    },
    "@angular/core": {
      "src": "../../../../../node_modules/@angular/core/fesm2022/core.mjs",
      "file": "@angular_core.js",
      "fileHash": "3ebcdc62",
      "needsInterop": false
    },
    "@angular/platform-browser": {
      "src": "../../../../../node_modules/@angular/platform-browser/fesm2022/platform-browser.mjs",
      "file": "@angular_platform-browser.js",
      "fileHash": "4c1e4e57",
      "needsInterop": false
    },
    "@angular/router": {
      "src": "../../../../../node_modules/@angular/router/fesm2022/router.mjs",
      "file": "@angular_router.js",
      "fileHash": "f1b8b98a",
      "needsInterop": false
    },
    "rxjs": {
      "src": "../../../../../node_modules/rxjs/dist/esm5/index.js",
      "file": "rxjs.js",
      "fileHash": "9229357e",
      "needsInterop": false
    },
    "rxjs/operators": {
      "src": "../../../../../node_modules/rxjs/dist/esm5/operators/index.js",
      "file": "rxjs_operators.js",
      "fileHash": "4cf3e57d",
      "needsInterop": false
    },
    "@angular/forms": {
      "src": "../../../../../node_modules/@angular/forms/fesm2022/forms.mjs",
      "file": "@angular_forms.js",
      "fileHash": "ee700bc4",
      "needsInterop": false
    }
  },
  "chunks": {
    "chunk-FCSP24CW": {
      "file": "chunk-FCSP24CW.js"
    },
    "chunk-SHZELB27": {
      "file": "chunk-SHZELB27.js"
    },
    "chunk-FQEM7BSC": {
      "file": "chunk-FQEM7BSC.js"
    },
    "chunk-SF7Q7RME": {
      "file": "chunk-SF7Q7RME.js"
    },
    "chunk-SDQMWN4J": {
      "file": "chunk-SDQMWN4J.js"
    },
    "chunk-6UHCRHZ7": {
      "file": "chunk-6UHCRHZ7.js"
    },
    "chunk-DSK7TZNG": {
      "file": "chunk-DSK7TZNG.js"
    }
  }
}